id,title,snippet,category,date
419,git,git,Git,2025-04-08 16:11:27.225787
420,js,js1,Js,2025-04-08 16:12:26.133061
421,some Snip,Test,Js,2025-04-08 16:20:46.506113
422,p,ppppp,Git,2025-04-08 16:31:54.526281
423,ddd,wewwe,Js,2025-04-21 16:49:28.927575
439,title,content1,2,2025-04-21 17:58:24.932056
440,title,content1,2,2025-04-21 17:58:27.424305
441,TEsting New Cat,Testing,New Cat,2025-04-21 20:03:46.084072
442,Helo,test,New Cat,2025-04-21 20:04:28.044850
443,yui,uyiuyiuyu,Git,2025-04-21 20:33:33.107345
